用户名,粉丝数量,视频描述,发布时间,视频时长,点赞数,收藏数,评论数,分享数,视频ID
清云解说,792482,全网三大超敬业Coser！！！ #Yasal #兔娘 #河野华 #BW漫展2025 #coser 已和谐内容,2025-07-19 ,01:59,359283,50964,1908,20195,7528705988678487331
不吃韭菜,4327,#二次元少女 #cosplay #极品身材,2024-10-31 ,01:08,406,257,4,61,7431763606619819299
山河无恙搞笑妹,298,盘点那些cos封神场面#上海万圣节 #cosplay #漫展 #cos #视觉冲击,2023-11-06 ,04:43,901,174,4,101,7298253669399579930
Cosplay作品聚集地,33899,盘点美女cos合集，你最喜欢哪一位？ #COS #二次元cos #美女COS合集,2024-01-24 ,01:00,890,256,8,68,7327672231759236367
大鹏啥都说,5541,中国cos千千万，大鹏带你看一看。小衣又#cosplay #二次元 #coser #小姐姐 #萝莉,2025-01-11 ,03:03,1785,238,24,242,7458460836672113979
Cosplay作品聚集地,33899,盘点国漫女神cos合集，你最喜欢哪一位？  盘点国漫女神cos合集，你最喜欢哪一位？ #COS #二次元cos #国漫女神 #国漫 #国漫cos,2025-08-06 ,01:44,830,320,7,88,7535417885414460732
大鹏啥都说,5541,中国cos千千万，大鹏带你看一看。腐团儿#cosplay #二次元 #主播 #美女 #大长腿,2023-08-10 ,06:21,947,258,5,104,7265495915329277196
盘点cos合集,3524,盘点三角洲cos合集，你最喜欢哪一位？,2025-06-28 ,00:41,8921,11633,262,326,7520877325530959146
颜值驿站,2000666,世界八大COS女神！大家最喜欢哪一位？#cosplay #女神 #CoSER ,2022-11-15 ,02:03,67067,12849,1863,6745,7166121199351745805
Cosplay作品聚集地,33899,盘点公孙离cos合集，你最喜欢哪一位？  盘点公孙离cos合集，你最喜欢哪一位？ #COS #二次元cos #公孙离cos,2025-01-20 ,01:51,1422,577,16,82,7462005924438265147
大鹏啥都说,5541,中国cos千千万，大鹏带你看一看。肉哥三缺一#这谁顶得住啊 #cosplay #大长腿 #二次元 #完美身材,2023-11-04 ,06:22,174,27,3,12,7297405094297947392
你的子笺子凛,18540021,带56岁爸妈出cos勇闯CJ啦～ #cos #cosplay #TCL #chinajoy #TCL屏宇宙,2025-08-04 ,03:56,102819,4348,580,3424,7534659002103074098
王者荣耀-小邢同学,5530,"王者荣耀最火辣的cos,你最喜欢哪个？#王者荣耀 #王者荣耀cos @DOU+上热门 ",2022-08-17 ,02:21,31033,6523,10419,6362,7132833680900263209
Cosplay作品聚集地,33899,盘点永劫无间cos合集，你最喜欢哪一位？ 盘点永劫无间cos合集，你最喜欢哪一位？ #COS #二次元cos #美女COS合集 #永劫无间cos,2024-12-06 ,01:26,269,66,2,13,7445238175729028410
Cosplay作品聚集地,33899,盘点国漫女神cos合集，你最喜欢哪一位？  盘点国漫女神cos合集，你最喜欢哪一位？ #COS #二次元cos #美女COS合集 #国漫女神 #国漫cos,2025-05-19 ,01:21,231,66,2,15,7506102007493872955
矮乐多Aliga,509100,"“漫展小丑🤡挑战” #王者荣耀 #大司命  #COSPLAY #广州cpsp漫展#文化以二次元的形式进入脑子 
@叫我死盖就好",2024-04-09 ,08:06,2636,153,60,66,7355731505454353683
驯龙天师,655,“先天人妻圣体” #二次元 #一种很新的cosplay #别具一格的cos #二次元少女 #cos,2024-08-31 ,00:38,230,51,1,17,7409250256472378635
小妹娱乐,106046,那些让人称绝的cosplay天花板！哪位惊艳到你了#cosplay #二次元 #一种很新的cosplay #cos #美出高级感 #风船计划,2023-07-16 ,09:40,6289,2120,88,624,7256370415713439017
Cosplay作品聚集地,33899,盘点王者荣耀cos合集，你最喜欢哪一位？ #COS #二次元cos #万物皆可cos #斩神cos大赏  #王者荣耀cos,2024-11-07 ,01:34,264,114,2,11,7434531842079984907
小路云呀,1090,盘点美女cos合集，你最喜欢哪一位?#COS#二次元cos#美女COS合集#cosplay,2024-05-13 ,01:34,50,11,2,7,7368313635032157477
老外枫了,525021,给外国人看@小柔SeeU 的cosplay合集，老外直接真假难辨#外国人  #reaction  #歪果仁 #cosplay #cos,2022-07-19 ,02:50,266540,20807,4440,7122,7122039245035801871
大鹏啥都说,5541,中国cos千千万，大鹏带你看一看。啊板的猫#cosplay #二次元 #大长腿 #coser #原神cos,2024-11-12 ,03:09,137,27,1,25,7436197916999535931
卢洋,90245,关于coser你必须要了解的一点#coser #cos #国潮,2020-12-02 ,01:02,1965,87,66,39,6901182201258364168
Cosplay作品聚集地,33899,盘点美女cos合集，你最喜欢哪一位？ #COS #二次元cos #美女COS合集,2023-07-29 ,01:55,186,44,3,25,7261172693490339072
Cosplay作品聚集地,1337,cos合集,2024-11-16 ,02:07,60,14,1,1,7437740363562945804
coser推荐香菜,52586,你最喜欢哪一位#荧#cos#cosplay,2022-07-03 ,00:49,7688,1155,280,411,7116135325629566212
蚀血之暗,17598,如何在漫展一次cos四个角色？ #cp31 #银魂 #漫展 #搞笑 #漫展整活,2025-05-27 ,02:57,130068,6081,2863,30207,7509080440343399699
抛抛蔡,224882,"当我cos了一下芭比学院，才发现自己逊爆了！！
#一种很新的cosplay #vlog日常 #年会",2023-01-18 ,01:33,7414,212,102,192,7189924410122374400
大鹏啥都说,5541,中国cos千千万，大鹏带你看一看。狐洛洛子#cosplay #二次元 #大长腿 #完美身材 #小姐姐,2024-05-21 ,05:03,27,11,0,1,7371259197675097379
Cosplay作品聚集地,1337,cos合集,2024-11-15 ,01:56,22,16,3,3,7437415577561468171
Cosplay作品聚集地,33899,盘点王者荣耀cos合集，你最喜欢哪一位？ 盘点王者荣耀cos合集，你最喜欢哪一位？ #COS #二次元cos #美女COS合集 #王者荣耀cos #王者荣耀cospaly,2025-05-20 ,01:25,123,39,2,9,7506526671504510268
大鹏啥都说,5541,中国cos千千万，大鹏带你看一看。芊小芊芊#二次元 #cosplay #大长腿 #coser #完美身材,2025-01-09 ,03:04,53,16,1,7,7457718431597530428
大鹏啥都说,5541,中国cos千千万，大鹏带你看一看。诺子喵呜#cosplay #二次元 #coser #小姐姐 #盲人,2024-11-16 ,03:37,415,55,15,18,7437675919847738681
大鹏啥都说,5541,中国cos千千万，大鹏带你看一看。伊喵_Master#cosplay #二次元 #完美身材 #小姐姐 #微胖女生,2024-01-09 ,05:46,37,14,0,4,7321893176996793635
大鹏啥都说,5541,中国cos千千万，大鹏带你看一看。蓝染碎月#二次元 #cosplay #coser #大长腿 #美女,2025-01-07 ,03:02,78,15,1,1,7456972645251190074
Cosplay作品聚集地,33899,盘点完美世界cos合集，你最喜欢哪一位？ #COS #二次元cos #完美世界cos,2024-03-11 ,02:18,453,146,16,69,7345081928434928948
爱莉的痰我兑水喝三年,750,其实我们男coser才是最惨的某些三次难干的事我们二次拿来背锅#一场酣畅淋漓的cos #旅行者空cos #原神cos #男coser现状 #哪个coser不p点视频,2025-03-23 ,00:19,1238,51,178,57,7484687951016873216
Cosplay作品聚集地,1337,cos合集,2024-11-22 ,01:09,63,21,1,3,7440036356719529227
大鹏啥都说,5541,中国cos千千万，大鹏带你看一看。神祈祈#cosplay #二次元 #小姐姐 #大长腿 #这谁顶得住啊,2024-08-29 ,06:27,32,10,4,6,7408360552503725346
cosplay收藏夹,398586,这样的coser小姐姐们多才多艺！ #成都漫展 #二次元 #cosplay收藏夹 #cosplay,2023-04-30 ,01:58,40968,2528,1137,1400,7227625640101498150
Cosplay作品聚集地,33899,盘点美女cos合集，你最喜欢哪一位？ #COS #二次元cos #美女COS合集,2023-11-13 ,02:37,192,53,9,40,7300967445966179599
橘子汽水。,141,男COS女COS到底有啥区别？#反差 #一种很新的cosplay #ooc致歉 #二次元 #万物皆可cos,2025-01-24 ,00:55,333,139,4,12,7463438937734876475
Cosplay作品聚集地,33899,盘点第五人格cos合集，你最喜欢哪一位？ #COS #二次元cos #第五人格,2023-12-07 ,02:21,1677,686,110,364,7309864017932209442
婵婵婵爷,918,#二次元##万物皆可cos #cosplay #绝美cos正片动了  #动漫真人版即视感cos,2024-11-09 ,01:24,152,52,3,10,7435199349564476687
大江视频,272843,女大学生偶遇coser“小哥哥”，被其精致五官吸引，大呼“太帅了”，网友：可以无条件相信coser老师的化妆技术#绝美cos正片动了,2024-11-06 ,00:37,18807,1399,320,1139,7434074887733415195
Cosplay作品聚集地,33899,盘点永劫无间季莹莹cos合集，你最喜欢哪一位？ #COS #二次元cos #美女COS合集,2023-09-06 ,01:57,391,94,7,72,7275667622480399651
二次元饿龙,67104,我想 每一个长相一般的人搞了cos以后都会有这种想法 我知道这期会有点让人不适， 但这真的是普通人玩Cosplay以后非常无奈的真实想法 #二次元 #cosplay #coser #真实还原 #漫展,2024-11-07 ,01:05,16653,732,2572,4327,7434483865894276364
人间奇趣观察室,745,盘点全网最还原COS，你喜欢哪一位？ #cosplay #美女 #二次元 #coser #大长腿 #二次元少女,2022-11-19 ,01:35,7,7,1,0,7167628641902415118
游娱小天菜,980199,玩cosplay不需要考核 #西施cos #王者荣耀 #西施 #cos #王者国风cos现场直击,2025-05-08 ,00:32,22528,1021,1383,402,7502011253632535849
娱乐君呦,700,盘点动漫人物真人cos合集，来看看哪一位是你心目中的天花板 #虚拟偶像 #cos正片 #cosplay ,2024-03-17 ,02:20,8,2,2,0,7347325777337273638
Yui柯基大聪明,18338,当我cos成《黑神话悟空》蜘蛛精四妹去漫展 #bw2025 #黑神话悟空 #蜘蛛精四妹 #coaplay #漫展vlog,2025-07-16 ,06:11,356,27,20,15,7527575909857054012
和平精英-小绝,679,顶级Coser三巨头，谁才是No.1。#Bw漫展 #cos #二次元 #兔娘 #yasel,2025-07-19 ,00:44,32,9,0,0,7528585476279078203
晓灬妖,2085,这是白天能发的吗？？？盘点大神cos宁红夜！ #漫展视频 #cosplay #虚拟偶像 #角色扮演 #漫展 #联动 #虚拟现实 #正片预告 #ae特效 #镜像,2023-02-07 ,01:44,90,57,4,9,7197394156119985445
Cosplay作品聚集地,33899,盘点美女cos合集，你最喜欢哪一位？ #COS #二次元cos #cosplay,2024-02-26 ,01:07,235,54,4,18,7339912908651990287
阿鹿故事会,31489,盘点全网爆火的网红coser，谁才是你心中的cos天花板 #王者荣耀cos #二次元 #cosplay #帅就完事了 #cos #美女 #变装,2022-02-19 ,02:17,72,18,8,21,7066374038737800485
披萨心肠,13002,谁懂江浙沪Coser的含金量#漫展 #二次元 #平价彩妆 #ooc致歉,2025-08-09 ,00:25,550,15,14,16,7536573772820729097
羊皮卷影,12354,"盘点最美的辛德拉cos，看看哪个最妖艳动人话题
#变装
#cos 
#卡点 
#lol #cosplay #宣团 #sky光遇 #一起打游戏 
#cosplayer ",2022-09-11 ,03:11,13,8,0,4,7140560893489712392
佐维Zovi,303959,我们搞cos的真的很不容易 #精神状态belike #一人分饰多角 #内容过于真实 #coser #反转,2025-03-22 ,01:33,62692,3034,1856,5722,7484568530956864826
大鹏啥都说,5541,中国cos千千万，大鹏带你看一看。长不高的萝卜SaMa#cosplay #二次元 #coser #小姐姐 #可爱,2024-12-17 ,03:07,22,5,0,4,7449180168968572219
荣星摄影,2241,拍到了超可爱的可莉！ #cosplay #广州漫展#coser #原神可莉 #二次元,2025-02-24 ,01:08,112,17,10,3,7474891967751572777
梦幻花火,5417,你们来评评理，这都什么腿#二次元 #美女 #cosplay #大长腿 #原创,2023-04-08 ,00:35,416,90,7,25,7219558182069259560
很哇噻的一天^o^,779,漫展现场无修Coser场照，原相机下的绝世美人 #漫展#cos#别惹三国 ,2022-05-25 ,00:55,923,202,31,258,7100893324919311630
cosplay,201,,2024-01-23 ,02:11,132,35,9,5,7327286770809277737
大鹏啥都说,5541,中国cos千千万，大鹏带你看一看。沉迷吃饭的萧雪#coser #二次元 #cosplay #大长腿 #美女,2024-12-24 ,03:08,49,24,1,2,7451782319905590587
different,53306,"终于戴上了啊！😭 
#二次元 #一场酣畅淋漓的cos  #cosplay #化妆 #漫展",2024-03-18 ,03:04,581,20,63,53,7347649092249570569
大鹏啥都说,5541,中国cos千千万，大鹏带你看一看。Riko呆呆#cosplay #二次元 #大长腿 #美女 #小姐姐,2023-09-23 ,06:21,30,3,0,0,7281831638546386212
cos君,201,#cosplay#漫展,2024-10-10 ,00:30,1942,768,17,116,7424008561748954407
年轻人那些事儿,23,到底什么是Cosplay（靠丝扑累)？#二次元 #原创视频 #年轻人真会玩 #年轻人 #爸妈我想让你永远年轻,2025-06-28 ,03:34,111,39,14,54,7520922721225116937
兰岛琪琪,782,我是一个coser，请攻击我最薄弱的地方 #二次元#cosplay#漫展#内容过于真实#一人分饰多角,2025-07-19 ,00:47,143,6,4,11,7528738827105373480
41012302745,725,cos圈知名博主盘点 #漫展 #cosplay #虚拟偶像 #动漫展 #cos #coser,2024-10-29 ,01:36,9,6,0,2,7431060616355335465
叫我coco啦,9480504,第一次玩cosplay，求评价 #cosplay #章鱼哥,2024-08-08 ,00:39,62040,3577,3101,12571,7400714941566635283
Cosplay作品聚集地,33899,盘点美女cos合集，你最喜欢哪一位？ #COS #二次元cos #美女COS合集,2023-11-09 ,02:30,45,20,3,8,7299478049400081704
清漪酱🌸,111,#cosplay #漫展 #漫展现场 #cos #性感可爱 #王者荣耀cos 艾特你年头寡到年尾的兄弟😂,2022-02-17 ,01:04,289,51,8,32,7065647581975694596
阿罗拉,3623,金貂蝉coser在澳洲最大漫展参加cosplay比赛是什么体验？！#cosplay #漫展现场 #貂蝉金色仲夏夜 #貂蝉cos #王者荣耀cos,2023-10-04 ,03:47,3094,281,90,109,7285943522262371599
社瘾诗铭铭,1951,“做个帅莉，癫疯激励！！” #带着抖音逛漫展 #cosplay #第五人格 #cos #啦啦队员,2024-12-21 ,01:02,4120,336,31,125,7450561049822088482
Royce大小姐,449559,让187cm的男模cos魈是什么样子？#原神 #魈 #cos #模特 #男模,2023-02-25 ,03:00,2199,99,70,30,7203765710391168311
摸娱喵,34971,这哪是coser啊，分明是从游戏里抠出来的建模脸 博主：@月如雪 #带着抖音逛漫展 #cosplay #cos #这谁顶得住啊 #二次元,2025-05-10 ,00:34,151,12,2,16,7502685645928729893
老六聊盘点,2196,盘点漫展上令人难忘的cos小姐姐：如果真爱有颜色，那一定是蓝色 #女仆 #cosplay #我要上热门 ,2022-07-28 ,03:59,84,17,4,4,7125392223423761668
凯莉_z,15512,#cos #cosplay,2025-05-17 ,01:35,8389,1002,405,118,7505297438032416060
碧落云殇,237972,拍一次coser正片有多艰难？#英雄联盟cos #灵魂莲华 #灵魂莲华阿狸 #cos #cosplay,2023-12-01 ,01:39,7660,290,177,340,7307628986077596966
披萨心肠,13002,谁懂江浙沪Coser的含金量#coser #二次元 #平价彩妆 #二次元,2025-08-05 ,00:25,461,11,4,7,7535059570561944870
cosplay收藏夹,398585,成都漫展上的男coser也很会才艺。甚至……泰酷辣 #成都漫展 #cosplay #cosplay收藏夹 #二次元,2023-05-02 ,01:05,169081,10604,8660,36312,7228395945560476960
爱吃大盘姬,16559,戴着镣铐的cosplay们 #二次元 #coser #cos #漫展,2024-10-13 ,00:38,1798,62,37,83,7424817385888124201
夕音（二次元发疯版）,13595,当你cos烫门角色去漫展会遇到…#二次元 #内容过于真实 #cosplay #漫展 #cos,2024-11-15 ,00:28,5005,400,72,67,7437434588139506959
三分妄想,938206,正片在后面，今天果然好多人没认出我哈哈哈哈哈哈哈哈#漫展 #Coser #原神 #仲夏幻夜奇想曲,2022-07-09 ,00:59,673761,36603,28789,28913,7118306265117297932
贵阳青年,139118,家里人还蛮支持我去做coser的，玩Cosplay的孩子永远不会变坏#贵阳青年#二次元#cosplay#药指 ,2022-08-04 ,01:33,527,36,55,17,7128020599150103821
爱整活的Leo,1129,《盘点国内十大coser 网友投票的》 #coser #动漫  #二次元 #闪光少女 #抖音小游戏,2025-04-30 ,02:03,11,4,3,1,7498937689278860578
异世界枫信,36550,刚混圈子，没想到coser居然都是这样的! #漫展 #coser #二次元 #coserplay #容貌焦虑,2025-04-24 ,00:37,822,138,40,26,7496903009806765324
彦祖桑,51318,你当coser原来这么爽啊？ #一人分饰多角 #二次元 #coser #委托cos #漫展现场,2024-09-15 ,00:49,5251,71,158,137,7414765682241441060
微醺泡泡果,5932,同样是coser老师啊#二次元 #coser #cos #第五人格 #漫展,2025-02-15 ,00:48,389,151,3,14,7471489258973449524
吃瓜小渔,412435,舞力值彻底拉满的满级coser？还有什么你做不出的动作！ #cos #跳舞 #二次元,2022-06-30 ,01:11,516,143,5,34,7114939662736592167
夕音（二次元发疯版）,13595,当普通人出cos去漫展… #二次元 #漫展 #cos #cosplay #逆水寒,2025-08-10 ,01:16,2512,205,12,53,7536952369738059060
虾侃君,7819,国外原神cos，最后一个无人能及 #原神 #风花的呼吸 #cosplay #搞笑 #整活,2023-03-21 ,01:06,1138,146,14,86,7212913982443621644
北京日报,12765732,男coser神还原第五人格“渔女”千元红发+绝美裙装惊艳漫展 【“生活中是社恐，在漫展被关注很开心”】5月3日，微博游戏动漫展现场，一位cos《第五人格》中“渔女”的男coser引发众人围观合影。他透露这套妆型耗时2个多小时完成，其中红发就超千元。这位常出女装角色的小哥哥坦言，购买合身的女装最难，但享受漫展上被关注的快乐，“生活中是i人，穿上cos服就更放得开”。现场观众纷纷与其合影，赞叹还原度爆表！#漫展 #男coser神还原第五人格“渔女”,2025-05-05 ,00:47,5950,632,300,2845,7500813334141226275
夕音（二次元发疯版）,13595,漫展上coser的神仙行为#二次元 #cosplay #漫展 #coser #吃谷,2025-01-12 ,00:51,3193,275,55,68,7458858091593960719
企鹅酱,26415,惊！十年coser与新人coser同去漫展竟然… #王者荣耀 #蔡文姬澜 #漫展现场 #日常vlog #cosplay漫展,2025-05-11 ,01:25,76,5,19,1,7503096738912668938
率土小陈,1384,不是真以为国内cos都是老乡机吧，这才是我们的顶流coser！#率土之滨 #率土星推计划 #率土十周年 #率批同盟故事会 #cos,2025-07-20 ,00:29,242,36,58,12,7529029777703046459
娱乐郭大嘴,1157930,我想这大概就是cos的意义吧 #cos #coser #漫展 #暖心一幕,2024-10-08 ,00:31,1289,50,38,77,7423245748835323163
率土-xiao,915,"上海2025chinajoy现场惊现60岁王者玩家cos？还得是我们率土女cos好看又还原#率土之滨 #率土星推计划 
#率批同盟故事会 #率土十周年",2025-08-01 ,00:19,153,5,5,131,7533593688938499379
给小迪个金水,15851,"Coser为了还原真的很努力！他们的命也是命！
 #二次元 #COS #漫展 #动漫",2024-10-23 ,00:26,1544,153,129,63,7428926787553414426
娱乐君呦,700,盘点动漫人物真人cos合集，来看看哪一位是你心目中的天花板 #虚拟偶像 #cos正片 #cosplay ,2024-03-17 ,02:20,8,2,2,0,7347325777337273638
婵婵婵爷,918,#二次元少女 #cosplay #萝莉 #洛丽塔lolita #cos衣服女装,2025-03-08 ,01:20,71,24,1,1,7479215128366288128
大鹏啥都说,5541,中国cos千千万，大鹏带你看一看。沉迷吃饭的萧雪#coser #二次元 #cosplay #大长腿 #美女,2024-12-24 ,03:08,49,24,1,2,7451782319905590587
大鹏啥都说,5541,中国cos千千万，大鹏带你看一看。肉哥三缺一#这谁顶得住啊 #cosplay #大长腿 #二次元 #完美身材,2023-11-04 ,06:22,174,27,3,12,7297405094297947392
大鹏啥都说,5541,中国cos千千万，大鹏带你看一看。伊喵_Master#cosplay #二次元 #完美身材 #小姐姐 #微胖女生,2024-01-09 ,05:46,37,14,0,4,7321893176996793635
Cosplay作品聚集地,33899,盘点美女cos合集，你最喜欢哪一位？ #COS #二次元cos #美女COS合集,2023-07-22 ,02:15,93,20,3,7,7258447864832019752
清漪酱🌸,111,#cosplay #漫展 #漫展现场 #cos #性感可爱 #王者荣耀cos 艾特你年头寡到年尾的兄弟😂,2022-02-17 ,01:04,289,51,8,32,7065647581975694596
娱乐郭大嘴,1157931,我想这大概就是cos的意义吧 #cos #coser #漫展 #暖心一幕,2024-10-08 ,00:31,1289,50,38,77,7423245748835323163
cosplay,201,,2024-01-23 ,02:11,132,35,9,5,7327286770809277737
大鹏啥都说,5541,中国cos千千万，大鹏带你看一看。科目三小姐姐cos合集#cosplay #二次元 #美女合集 #科目三 #舞蹈,2023-12-30 ,07:00,28,5,2,1,7318187469512527119
阿罗拉,3623,在澳洲接cos通告是什么体验？！#cos #王者荣耀cos #西施,2022-12-17 ,02:14,7765,1150,238,640,7177778609686433024
大鹏啥都说,5541,中国cos千千万，大鹏带你看一看。喵呜雨Ame#cosplay #二次元 #小姐姐 #大长腿 #完美身材,2024-03-16 ,05:23,19,3,0,2,7346760250567052596
大鹏啥都说,5541,中国cos千千万，大鹏带你看一看。屑度子#cosplay #大长腿 #二次元 #小姐姐 #这谁顶得住啊,2024-07-13 ,05:28,115,22,2,10,7390911930887720192
牛奶烧仙草,65729,居然真有一万个人想看男生cos薇薇安【烧仙草】#绝区零 #kigurumi #可爱的男孩子 #cos #反差,2025-09-15 ,00:55,5177,1073,59,319,7550248251941866778
番茄🍅炒蛋,621,江浙沪coser才是真正的误闯天家啊！#cos #二次元 #漫展 #漫展现场,2025-08-17 ,00:25,483,25,9,6,7539506172857486619
瞬景捕风录,27161,全网三大超敬业Coser！！！ #Yasal  #兔娘  #河野华  #BW漫展2025  #coser,2025-07-22 ,01:57,15187,2650,381,1075,7529497184543264046
张义发,2231,200元体验coser的一天#二次元 #cosplay #原创视频,2025-08-24 ,08:52,1560,115,215,3271,7542043090439621907
大鹏啥都说,5541,中国cos千千万，大鹏带你看一看。逆光R#cosplay #二次元 #大长腿 #完美身材 #小姐姐,2024-06-08 ,06:50,32,7,1,3,7377936417604799759
沫子,5494,王者女英雄cos，你最喜欢哪个？#cosplay ,2022-01-16 ,01:11,30,5,4,5,7053709473692568867
Cosplay作品聚集地,33899,盘点美女cos合集，你最喜欢哪一位？ #COS #二次元cos #美女COS合集,2023-12-30 ,01:20,370,83,4,24,7318401373140274467
Kyu九九,27025,"穿这身搭配出门，路人惊呆了。
#出街穿搭 #cos #私设 #kigurumi #二次元",2025-11-07 ,01:10,4387,1142,117,321,7569690556223425530
雾霾.,398,夫人裙底的空间是...#第五人格 #漫展 #红夫人 #红蝶 #cos,2026-01-02 ,00:08,471,11,16,7,7590741474837298917
山不在高,3061,200块体验cos的一天，几个女孩让我懂得了什么是热爱#cos #vlog十亿流量扶持计划 #原创 #正能量,2026-01-03 ,06:10,188,30,92,174,7590964497750767592
江凌Linny,67,漫展第一人称：超好看的红夫人！#青年创作者成长计划 #cos #第五人格 #真实生活分享计划 #红夫人,2025-12-29 ,01:17,31,6,0,0,7589206668648633198
一万只不语,7068,"cos第五人格渔女，挑战cp漫展还原自推女神！因为主播爱和社恐男友玩第五人格，最喜欢的监管者就是渔女，今天抢到了CP漫展门票，那当然要cos我的自推女神走向漫展！！虽然天气很冷，在漫展遇到的人们都很温暖，在这里格蕾丝不再困于湖底的阴暗和欲望的冰冷。
#cos #第五人格 #渔女 #抖音生活观察计划 #ooc致歉",2025-12-29 ,01:11,381,87,9,10,7589260417847835876
小若iqclub,644,变装#西施游龙清影cos #王者荣耀 #cosmo时尚盛典,2025-12-31 ,00:16,296,29,11,3,7589962349344279858
Wyona.秋妤不吃鱼,1644,当我带着妈妈去漫展。是的没错我是飞天党，妈妈一直很支持我玩cos，而且她自己就是老二次元，小时后美少女战士都是她拉着我看的。这次终于有机会让我妈也来体验下出cosplay是什么感觉了。我出的是囚徒二限，妈妈出的红夫人虚妄#漫展 #带着妈妈去漫展 #第五人格 #囚徒 #红夫人,2026-01-03 ,01:42,7199,507,156,610,7591039345605128372
悠米yuumi,15486,其实省吃俭用#cos  #漫展 #cos吐槽,2026-01-03 ,00:17,1587,123,725,134,7591058227274786932
鹽烤秋刀魚,100906,「尘世千古 方圆之间……」 #鸣潮#长离  #长离泳装 #cos  #鸣潮长离,2026-01-01 ,00:13,10603,879,103,189,7590242737686245553
牛奶烧仙草,65728,居然真有一万个人想看男生cos薇薇安【烧仙草】#绝区零 #kigurumi #可爱的男孩子 #cos #反差,2025-09-15 ,00:55,5177,1073,59,319,7550248251941866778
大鹏啥都说,5541,中国cos千千万，大鹏带你看一看。小荼同学#cosplay #二次元 #大长腿 #小姐姐 #美女,2024-03-02 ,05:03,32,8,1,1,7341566870778137871
杨苏苏,4994170,cos初体验，帮我看看这钱花的值不值#vlog#南京旅游#林泽青瑶cos#ooc致歉 #变装,2025-09-27 ,01:49,46465,2026,130,186,7554419224303783202
番茄🍅炒蛋,621,江浙沪coser才是真正的误闯天家啊！#cos #二次元 #漫展 #漫展现场,2025-08-17 ,00:25,483,25,9,6,7539506172857486619
Kyu九九,27025,"穿这身搭配出门，路人惊呆了。
#出街穿搭 #cos #私设 #kigurumi #二次元",2025-11-07 ,01:10,4387,1142,117,321,7569690556223425530
雾霾.,398,夫人裙底的空间是...#第五人格 #漫展 #红夫人 #红蝶 #cos,2026-01-02 ,00:08,471,11,16,7,7590741474837298917
山不在高,3062,200块体验cos的一天，几个女孩让我懂得了什么是热爱#cos #vlog十亿流量扶持计划 #原创 #正能量,2026-01-03 ,06:10,188,30,92,174,7590964497750767592
江凌Linny,67,漫展第一人称：超好看的红夫人！#青年创作者成长计划 #cos #第五人格 #真实生活分享计划 #红夫人,2025-12-29 ,01:17,31,6,0,0,7589206668648633198
一万只不语,7068,"cos第五人格渔女，挑战cp漫展还原自推女神！因为主播爱和社恐男友玩第五人格，最喜欢的监管者就是渔女，今天抢到了CP漫展门票，那当然要cos我的自推女神走向漫展！！虽然天气很冷，在漫展遇到的人们都很温暖，在这里格蕾丝不再困于湖底的阴暗和欲望的冰冷。
#cos #第五人格 #渔女 #抖音生活观察计划 #ooc致歉",2025-12-29 ,01:11,381,87,9,10,7589260417847835876
二次元提溜,6665,coser悟空为何人气这么高 #游戏破壁计划#在下悟空是也 #王者荣耀cos #cosplay #跨年一起投dou+,2026-01-02 ,00:40,6,1,0,0,7590605453244075304
诺涪鲨星（见到我请喊我去学习）,148,"二次元第一次出cos勇闯漫展
私设致歉
#张起灵 #cos #二次元",2025-05-15 ,00:48,168,1,13,0,7504673420936793401
川烈,2979955,2000公里赶往东北，帮coser姐妹讨回公道！ #反诈骗 #线下真实 #螃蟹反诈,2026-01-03 ,08:01,58970,3749,2899,7126,7590983521464814882
蓝衣小将blue,397,第一次采访cos #初音未来 #cos #cosplay #采访,2025-11-21 ,00:59,36,1,2,16,7575115418936615355
Cosplay作品聚集地,33899,盘点美女cos合集，你最喜欢哪一位？ #COS #二次元cos #美女COS合集,2024-01-24 ,01:00,890,256,8,68,7327672231759236367
是蛋挞吧,320,"夜月星回盲僧正片～
这套损坏的有点多，能拍的动作有限！不是肌肉衣！不是肌肉衣！感谢官方的衣服很爽！@英雄联盟手游 #盲僧 #cos #lol手游斗魂无双 #盲僧新皮肤",2025-12-30 ,00:14,49,0,13,0,7589598050650415258
软萌奶糖兔,740,当我是班里唯一的coser。。。 #二次元 #cosplay #cos #漫展 #搞笑,2026-01-03 ,00:59,497,104,5,11,7590952062617407845
茶渍阿废（求关注版）,17,"翻箱倒柜剪了一个很啰嗦的cos回顾视频
2026也要继续和大家一起玩🥺💗
#cos #年度总结 #cos年度总结 #元旦快乐",2026-01-01 ,01:49,17,0,2,0,7590339182631986084
DNF手游小小茶,34644,盘点DNF五大coser，看看哪个才是顶级#dnf手游 #DNF手游新春版本  #DNF #美女cos  #dnf手游激励计划,2026-01-04 ,00:45,25,3,5,1,7591398174183645819
率土之滨-小雨,37,真正的coser可不是穿件衣服那么简单#率土之滨#游戏力MAX短视频创意大赛@游戏力MAX短视频创意大赛,2026-01-03 ,00:27,26,2,0,1,7591138862903908581
阿蛋,308,#一人之下 #张灵玉 #cos #正片花絮 #vlog,2026-01-01 ,01:12,59,1,6,1,7590340593852253029
汪汪旺旺旺🌟（求关注版）,264484,老师们都是神来的吧 #cp32 #漫展 #cos #cosplay,2025-12-29 ,01:01,335,18,7,40,7589190967597534527
张狼（和平精英）,618,田曦薇cos的千金淑猫是真好看啊#和平精英#和平精英巡游惊现狩猎吸血鬼#被和平精英的巡游coser美到了#我在抖音聊和平,2026-01-04 ,00:47,1,1,0,0,7591482763099745253
芩晓烟,73,拍着拍着突然出现一张照片！ 人生初体验OvO 雪初音的花絮 #cos的意义 #三越雪初音 #初音未来cos #花絮  #伟大的摄影师@DOU+上热门 @抖音创作小助手 @抖音创作灵感 @DOU+小助手,2025-12-30 ,00:19,102,5,1,1,7589593762843456933
skeleton,6,人。 我萌吗？#中岛敦#萤火虫漫展#cos，防对家 ：#芥敦,2026-01-02 ,00:13,41,4,6,0,7590554841445973169
心动声遇记,2119,微胖才是YYDS？这几位肉感Coser彻底征服老司机！#每日Hello #都是谁在玩Hello #cos #微胖,2025-12-22 ,00:52,773,304,4,47,7586627863097462059
大鹏啥都说,5541,中国cos千千万，大鹏带你看一看。兔x2#cosplay #二次元 #大长腿 #小姐姐 #cos,2024-10-10 ,04:03,38,10,1,0,7423956223155850547
美女创造营,2846,盘点美女cos合集，你最喜欢哪一位？#dou上热门 #国漫美女 #美女合集 #cos #二次元,2024-08-28 ,02:04,146,37,1,4,7408186365831138600
秋山染（可以是版）,72752,又在漫展遇到讨好型Coser了… #cos #漫展 #ooc致歉 #王者荣耀 #百里守约,2026-01-02 ,00:26,28403,459,267,1277,7590692531215984500
阿骁（帕岛第一纯情),20316,《成男coser之痛》#cos #漫展 #整活 #李白 #李星云,2025-08-13 ,00:48,761,12,34,34,7538054000240741683
喂是77呀,105895,爆改超天酱！挑战去漫展cos100个角色！ #cos #致歉一切 #超天酱 #漫展 #cosplay,2024-10-22 ,01:07,7945,1154,150,242,7428494436801187081
蚀血之暗,17598,如何在漫展一次cos四个角色？ #cp31 #银魂 #漫展 #搞笑 #漫展整活,2025-05-27 ,02:57,130080,6081,2863,30207,7509080440343399699
Cosplay作品聚集地,33899,盘点美女cos合集，你最喜欢哪一位？ #COS #二次元cos #美女COS合集,2023-11-17 ,02:21,173,36,2,9,7302450926466501923
璃kona,968,#cosplay #ooc致歉 #原神 #温迪,2024-07-30 ,01:37,517,17,18,14,7397435276512988470
吾声.,268,癫了，，穷coser就活该被做局吗，，#cos #cosplay #漫展 #妆娘,2025-09-16 ,00:42,38,18,3,1,7550673218459602234
率土-xiao,915,"上海2025chinajoy现场惊现60岁王者玩家cos？还得是我们率土女cos好看又还原#率土之滨 #率土星推计划 
#率批同盟故事会 #率土十周年",2025-08-01 ,00:19,153,5,5,131,7533593688938499379
大鹏啥都说,5541,中国cos千千万，大鹏带你看一看。Chelsy-小甜豆#二次元 #cosplay #大长腿 #完美身材 #小姐姐,2024-06-04 ,05:40,15,3,0,2,7376445142460271912
一粒瓜瓜（妆娘版）,34555,当你出成男逛展时突然碰上生理期... 月经不羞耻，经期需重视，任何coser都要团结互助，这样才是体现真正热爱角色的表现～#妆娘 #cos #第五人格 #漫展 #二次元,2025-09-19 ,02:48,2081,300,17,32,7551751581344304443
诺涪鲨星（见到我请喊我去学习）,148,"二次元第一次出cos勇闯漫展
私设致歉
#张起灵 #cos #二次元",2025-05-15 ,00:48,168,1,13,0,7504673420936793401
川烈,2979955,2000公里赶往东北，帮coser姐妹讨回公道！ #反诈骗 #线下真实 #螃蟹反诈,2026-01-03 ,08:01,58982,3750,2899,7128,7590983521464814882
拿铁要喝热的,11566,萌新第一次出cos要踩多少坑。。。 #cos #cosplay #萌新 #二次元 #一人分饰多角,2025-06-25 ,01:15,3674,937,33,99,7519710288682274099
蓝衣小将blue,397,第一次采访cos #初音未来 #cos #cosplay #采访,2025-11-21 ,00:59,36,1,2,16,7575115418936615355
Cosplay作品聚集地,33899,盘点美女cos合集，你最喜欢哪一位？ #COS #二次元cos #美女COS合集,2023-11-23 ,02:33,135,32,4,16,7304683779480718644
是蛋挞吧,320,"夜月星回盲僧正片～
这套损坏的有点多，能拍的动作有限！不是肌肉衣！不是肌肉衣！感谢官方的衣服很爽！@英雄联盟手游 #盲僧 #cos #lol手游斗魂无双 #盲僧新皮肤",2025-12-30 ,00:14,49,0,13,0,7589598050650415258
软萌奶糖兔,740,当我是班里唯一的coser。。。 #二次元 #cosplay #cos #漫展 #搞笑,2026-01-03 ,00:59,497,104,5,11,7590952062617407845
茶渍阿废（求关注版）,17,"翻箱倒柜剪了一个很啰嗦的cos回顾视频
2026也要继续和大家一起玩🥺💗
#cos #年度总结 #cos年度总结 #元旦快乐",2026-01-01 ,01:49,17,0,2,0,7590339182631986084
大鹏啥都说,5541,中国cos千千万，大鹏带你看一看。阿呆每天都不想动#cosplay #二次元 #性感美女 #大长腿 #小姐姐,2023-08-26 ,07:07,8,1,0,0,7271424088160144694
DNF手游小小茶,34644,盘点DNF五大coser，看看哪个才是顶级#dnf手游 #DNF手游新春版本  #DNF #美女cos  #dnf手游激励计划,2026-01-04 ,00:45,25,3,5,1,7591398174183645819
私人星球,20558,新手coser要踩多少雷？ #cos#二次元#学生党#漫展#OOC致歉,2025-11-07 ,00:48,373,293,2,39,7569925296125564243
悠米yuumi,15487,不同coser撞角色后的反应#cos #漫展 #cos吐槽,2026-01-01 ,00:22,339,13,15,4,7590315200118986868
胃坚强.,98,"想要成为漫展上的大明星
#cos #二次元 #分享   #漫展  #元旦",2026-01-02 ,00:18,185,27,7,11,7590703012537042630
饭团仙女喵,871,来看看00后，为了一个虚拟角色，到底能花多少钱。#漫展现场 #00后 #cosplay #年轻人的热爱 #真实采访,2026-01-01 ,00:38,20,1,0,0,7590335873384786932
轩美男,3443,cos本命英雄这一块手拿把掐#二次元 #cos #貂蝉 #王者 #ooc致歉,2026-01-02 ,00:10,186,63,4,1,7590706446808113777
披萨心肠,13002,谁懂江浙沪Coser的含金量啊#第五人恪 #cos #动漫cosplay #ooc致歉 #平价彩妆,2025-07-31 ,00:25,1027,74,35,45,7533192728784440622
肖哥七了冒,15878,来看看老外的coser 大家更喜欢哪个#二次元 #cosplay #老外真会玩 #漫展 #cosplay漫展,2025-09-09 ,01:30,557,21,22,21,7547993197247614227
瓢虫娱乐,427357,神仙 coser 集合 漫無边际蹲就完事儿@漫无边际 #漫无边际#漫展#动漫#cosplay#二次元,2025-12-29 ,00:21,3171,4,9,2,7585503962581896505
雾淞.,161,梦泪的羞辱仪式#漫展现场 #武汉cgf动漫游戏展 #梦之泪伤 #cosplay #ooc致歉,2026-01-02 ,00:13,182,9,34,58,7590456325651035498
企鹅酱,26415,惊！十年coser与新人coser同去漫展竟然… #王者荣耀 #蔡文姬澜 #漫展现场 #日常vlog #cosplay漫展,2025-05-11 ,01:25,76,5,19,1,7503096738912668938
兔兔兔tui,78875,做coser工伤 #cos#二次元少女  #二次元 #coser #工伤 #萌妹子,2025-12-30 ,00:42,445,40,9,8,7589497851928121458
心理委员（同学有什么事情可以找我）,675,Coser的漫展日常#第五人格 #心理学家长夜cos #病患星辰cos #心患#cocer,2026-01-01 ,01:43,22,3,5,0,7590374945320236283
拿铁要喝热的,11566,萌新第一次出cos要踩多少坑。。。 #cos #cosplay #萌新 #漫展 #二次元,2025-08-21 ,01:21,931,457,10,59,7540592153844649226
K利利,1294040,学会了就找亲友这么玩 #cos #夏以昼cos #恋与深空 #漫展 #夏以昼,2026-01-02 ,00:35,36001,1121,212,2418,7590700098209316709
Cosplay作品聚集地,1337,cos合集,2024-11-16 ,02:26,12,3,1,1,7437740526327123254
不串何唤天串星📷（恩师芜呈）,1802,刚出新手村的我怎么碰到了顶级魅魔呀#雅儿贝德 #二次元 #cos #原天夕子,2026-01-01 ,00:07,3095,225,72,229,7590205335760412153
大鹏啥都说,5541,中国cos千千万，大鹏带你看一看。九尾喵Neko#cosplay #二次元 #大长腿 #小姐姐 #完美身材,2024-01-29 ,05:36,44,11,0,4,7329322257497459968
晓弧f（万粉女装版）,774,coser刚入圈有多难#漫展 #cos #摄影 #二次元 #返图,2025-08-17 ,01:15,453,2,25,11,7538776943707491643
风清扬,675,年轻人的天下，这是不是二次元coser。我有点跟不上时代了😄😄😄,2026-01-01 ,00:47,26,1,9,18,7590304872658902257
壹家cos自拍写真工作室,1042,"出一套cos到底要花多少? 前段时间我们更了一条图文，评论区的老师们的价格参差不齐，于是我们今天来到了方圆live随机采访一位coser来带大家揭秘，出一次cos到底需要花多少！
出境coser：@1mn0tkitten 
#cosplay #路人采访  #二次元 #第五人格 #壹家cos服化道",2025-12-10 ,02:14,1133,45,23,70,7582180191837916456
唐遇,48060,#cosplay #辣妹拍照姿势 #漫展 #夜景街拍,2025-12-30 ,02:26,476,20,20,66,7589437460740885798
彩虹游戏菌,7195,碧蓝航线那些顶级coser #碧蓝航线  #港区冬日心跳升温  #港区冬日快闪  #萤火虫漫展,2026-01-01 ,00:34,92,23,2,19,7590373597470788874
歧路司KIROSHI_V,2235,"人类驯服小田三太夫头盔的绝望影像
#赛博朋克2077 #覆面 #cos #小田三太夫 #ooc致歉",2025-12-29 ,00:32,207,7,30,5,7589280289987607946
阿蛋,308,#一人之下 #张灵玉 #cos #正片花絮 #vlog,2026-01-01 ,01:12,59,1,6,1,7590340593852253029
一口小枣点,3837,漫展上五花八门的cos！！ #学生党 #cos #cosplay #二次元 #感谢抖音我要上热门,2025-03-20 ,00:41,178,38,4,1,7483803252841057545
芩晓烟,73,拍着拍着突然出现一张照片！ 人生初体验OvO 雪初音的花絮 #cos的意义 #三越雪初音 #初音未来cos #花絮  #伟大的摄影师@DOU+上热门 @抖音创作小助手 @抖音创作灵感 @DOU+小助手,2025-12-30 ,00:19,102,5,1,1,7589593762843456933
张狼（和平精英）,618,田曦薇cos的千金淑猫是真好看啊#和平精英#和平精英巡游惊现狩猎吸血鬼#被和平精英的巡游coser美到了#我在抖音聊和平,2026-01-04 ,00:47,1,1,0,0,7591482763099745253
skeleton,6,人。 我萌吗？#中岛敦#萤火虫漫展#cos，防对家 ：#芥敦,2026-01-02 ,00:13,41,4,6,0,7590554841445973169
心动声遇记,2119,微胖才是YYDS？这几位肉感Coser彻底征服老司机！#每日Hello #都是谁在玩Hello #cos #微胖,2025-12-22 ,00:52,773,304,4,47,7586627863097462059
仙女月,91564,coser的漫展至暗时刻 #cos #漫展 #漫展现场 #蜜璃 #私设,2026-01-04 ,00:19,2255,162,31,59,7591376499790543973
Scarlett_奇迹绾绾,187,cos年度合集！康康有没有你认识的角色～#cos #年度总结,2025-12-31 ,01:18,40,3,1,0,7590035099492601107
米开朗菠萝（长沙寻找共创模特）,218,"当我用各种刁钻的角度拍JOJO
#jojo的奇妙冒险 #空条徐伦 #长沙cos摄影 #视觉震撼 #真实生活分享计划",2025-12-30 ,00:10,134,11,3,2,7589550006417301732
美肌妆研所,32,#cos悟空#孙悟空#搞笑#我在龙之梦跨了个花火年#摆烂猴#黑神话悟空cos,2025-12-29 ,00:38,82,20,4,4,7588802326572453126
胃坚强.,98,"命苦男cos
#coser #男coser #漫展 #护肤  #命苦",2026-01-04 ,00:09,19,2,3,0,7591463469373126854
摄影师炮炮,137,"一场漫展摄影究竟能拍多少coser？
?#漫展 #cos #cosplay #二次元 #摄影",2026-01-04 ,03:51,28,0,0,2,7591202366696829631
兰岛琪琪,782,我是一个coser，请攻击我最薄弱的地方 #二次元#cosplay#漫展#内容过于真实#一人分饰多角,2025-07-19 ,00:47,143,6,4,11,7528738827105373480
绝命大拖嗨,1460,小coser们终极幻想！#cosplay#漫展#coser#漫展前一天 #万万没想到,2025-09-06 ,00:29,416,14,15,45,7546909027645721898
吃饱再睡,298,当闺蜜沉迷第五人，喜欢麦麦，于是我...#cos #杂技演员 #麦麦 #第五人格#爆改,2026-01-04 ,00:13,243,18,7,22,7591460690419442266
米开朗菠萝（长沙寻找共创模特）,218,"在长沙街头遇到JO极时尚女明星
来自16mm广角的冲击，我宣布@腾龙16-30正式改名JO头
空条徐伦@心碎小瑞猫 
#cos正片 #空条徐伦 #jojo的奇妙冒险 #真实生活分享计划",2025-12-28 ,02:54,192,10,9,5,7588754746288049643
梨梨不梨谱,56,其实小coser们去大漫展才是真的误闯天家！#COS #漫展 #coser #漫展养眼造型大赏,2025-12-15 ,00:17,120,10,1,3,7583952831398432010
feedom,831,#芙宁娜#林尼#原神#cosplay#漫展 芙宁娜@十寒ᝰ 林尼@鸟大读书的吾月,2026-01-01 ,01:12,31,9,2,2,7590351241163875065
分享训狗思路,255,"答应学生们期末考第一就cos西施..
#老师 #反差 #爆改 #cos #西施",2026-01-04 ,00:19,148,8,10,5,7591451656094778789
汏梅子玩cos《38岁多边形战士》,13775,会被骂吗？ #cos#第五人格#歌剧演员#桑格莉娅#反差,2026-01-02 ,00:08,736,7,17,7,7590763761553698468
sinoe泷吟,402008,去完漫展感觉又看了一集天官赐福 #漫展 #路人视角 #花怜 #cos,2026-01-03 ,00:11,9137,379,108,619,7591076097366828201
饭团仙女喵,871,#cosplay 在漫展现场，我随机问了几位00后COSER：一套角色造型，从服装、假发、妆造到道具，总共花了多少钱？#漫展记录 #COSER日常 #年轻人消费观 #兴趣花费,2026-01-02 ,00:40,11,0,0,0,7590564920171074112
丛鱼v,97154,i人出cos独自逛展｜cp32prevlog #十亿vlog流量扶持计划 #漫展 #cp32pre,2026-01-02 ,01:41,144,8,4,0,7590703353090016678
（玩了14年骨架）,227,#新人报道 #王权富贵cos #狐妖小红娘,2026-01-02 ,00:12,37,0,22,6,7590630485815202175
凉宫瘫,1123,"拍到了恋之呼吸·伍之型！ 可恶超难的动作一拍一个不知声是吧！
出镜：@玉米大帝（只回c） 
#cos #鬼灭之刃 #鬼灭之刃无限城篇 #蜜璃 #甘露寺蜜璃",2025-12-30 ,00:28,293,6,17,5,7589588777011735497
贤者,3345,#coke #coke老师 #cosplay  #coke漫展 #抖音玩法合伙人计划,2026-01-01 ,00:45,655,26,7,11,7590344179345553841
三水渡（搬砖版）,4286,随机抓人改妆！#cos妆娘 #南宁漫展 #第一人称,2026-01-03 ,02:53,299,6,23,24,7591026424578035953
秦儿,15,"没错，这就是我们北方coser去漫展的穿搭
卖力把c服套在羽绒服里！！零下真的没招儿了😭
拍的各种背面的老师，有不方便出镜的请和我联系！
#路人视角 #漫展 #漫展现场 #青岛漫展 #青岛二次元",2026-01-02 ,00:21,83,5,7,3,7590779076463145832
钱多多暴富队长（捡粉丝）,2729,很新的cos#coser #cos #二次元动漫 #漫展 #cosplay,2025-12-22 ,00:27,1058,70,16,94,7586649347895414052
披萨心肠,13002,谁懂江浙沪Coser的含金量#coser #二次元 #平价彩妆 #二次元,2025-08-05 ,00:25,461,11,4,7,7535059570561944870
夕音（二次元发疯版）,13595,玩cosplay的至暗时刻 #二次元 #漫展 #cosplay #cos #内容过于真实,2025-10-19 ,00:28,591,59,11,6,7562806564169059618
糖崽🧸,24117,不舒服了吗？来排队打针吧～别紧张，希格雯会治疗好你的！#原神 #原神fes #希格雯 #cos #原神少女祈月之夜,2026-01-04 ,00:21,108,6,13,2,7591454961177033338
Cosplay作品聚集地,33899,盘点泳装cos合集，你最喜欢哪一位？ #COS #二次元cos #泳装穿搭,2023-08-13 ,02:31,772,446,25,80,7266618199519546658
西钰钰,353141,讨好型coser从一个进化成两个 可以是可以是 #讨好型人格 #cos #整活 #ooc致歉,2026-01-03 ,00:29,52182,4327,950,2847,7591030420272491494
柏羽sama舅舅,130822,coser真的管谁都叫老师吗？ #cos #cosplay #内容过于真实 #漫展 #老师,2026-01-02 ,00:22,2893,184,44,100,7590609584495508687
爱打游戏的拾柒（鸣潮）,12188,水淼老师最新cos的泳装长离，再次破圈，简直无敌太美了！ #鸣潮  #鸣潮琳奈 #鸣潮我们生而眺望 #潮起鸣歌唤远航 #游戏破壁计划@鸣潮 @DOU+小助手,2026-01-01 ,00:20,9960,1260,972,435,7590119867919928603
西钰钰,353141,讨好型coser从一个进化成两个 可以是可以是 #讨好型人格 #cos #整活 #ooc致歉,2026-01-03 ,00:29,52191,4328,950,2847,7591030420272491494
柏羽sama舅舅,130822,coser真的管谁都叫老师吗？ #cos #cosplay #内容过于真实 #漫展 #老师,2026-01-02 ,00:22,2893,184,44,100,7590609584495508687
爱打游戏的拾柒（鸣潮）,12188,水淼老师最新cos的泳装长离，再次破圈，简直无敌太美了！ #鸣潮  #鸣潮琳奈 #鸣潮我们生而眺望 #潮起鸣歌唤远航 #游戏破壁计划@鸣潮 @DOU+小助手,2026-01-01 ,00:20,9960,1260,972,435,7590119867919928603
仙女月,91564,coser的漫展至暗时刻 #cos #漫展 #漫展现场 #蜜璃 #私设,2026-01-04 ,00:19,2255,162,31,59,7591376499790543973
构九Gojo,5318,"响起的…是你心跳的声音吗？
#萤火虫漫展 #刘枭 #时光代理人 #cos #青年创作者成长计划",2026-01-03 ,00:08,1417,42,15,26,7591120245243618289
Scarlett_奇迹绾绾,187,cos年度合集！康康有没有你认识的角色～#cos #年度总结,2025-12-31 ,01:18,40,3,1,0,7590035099492601107
米开朗菠萝（长沙寻找共创模特）,218,"当我用各种刁钻的角度拍JOJO
#jojo的奇妙冒险 #空条徐伦 #长沙cos摄影 #视觉震撼 #真实生活分享计划",2025-12-30 ,00:10,134,11,3,2,7589550006417301732
美肌妆研所,32,#cos悟空#孙悟空#搞笑#我在龙之梦跨了个花火年#摆烂猴#黑神话悟空cos,2025-12-29 ,00:38,82,20,4,4,7588802326572453126
胃坚强.,98,"命苦男cos
#coser #男coser #漫展 #护肤  #命苦",2026-01-04 ,00:09,19,2,3,0,7591463469373126854
摄影师炮炮,137,"一场漫展摄影究竟能拍多少coser？
?#漫展 #cos #cosplay #二次元 #摄影",2026-01-04 ,03:51,28,0,0,2,7591202366696829631
Scarlett_奇迹绾绾,187,cos年度合集！康康有没有你认识的角色～#cos #年度总结,2025-12-31 ,01:18,40,3,1,0,7590035099492601107
米开朗菠萝（长沙寻找共创模特）,218,"当我用各种刁钻的角度拍JOJO
#jojo的奇妙冒险 #空条徐伦 #长沙cos摄影 #视觉震撼 #真实生活分享计划",2025-12-30 ,00:10,134,11,3,2,7589550006417301732
美肌妆研所,32,#cos悟空#孙悟空#搞笑#我在龙之梦跨了个花火年#摆烂猴#黑神话悟空cos,2025-12-29 ,00:38,82,20,4,4,7588802326572453126
胃坚强.,98,"命苦男cos
#coser #男coser #漫展 #护肤  #命苦",2026-01-04 ,00:09,20,2,3,0,7591463469373126854
摄影师炮炮,137,"一场漫展摄影究竟能拍多少coser？
?#漫展 #cos #cosplay #二次元 #摄影",2026-01-04 ,03:51,28,0,0,2,7591202366696829631
菊fafa,2144,什么！原神fes上惊现愚人众？#原神fes #愚人众执行官 #Cosplay #原神fes漫展,2026-01-03 ,00:16,317,11,65,12,7591075986193849338
绝命大拖嗨,1461,小coser们终极幻想！#cosplay#漫展#coser#漫展前一天 #万万没想到,2025-09-06 ,00:29,416,14,15,45,7546909027645721898
荡秋千,73,和cosplay一起玩是种什么样的体验#角色扮演 #漫展 #,2025-07-27 ,02:58,29,1,8,18,7531695072494112026
吃饱再睡,298,当闺蜜沉迷第五人，喜欢麦麦，于是我...#cos #杂技演员 #麦麦 #第五人格#爆改,2026-01-04 ,00:13,245,18,7,23,7591460690419442266
Cosplay作品聚集地,33899,盘点美女cos合集，你最喜欢哪一位？ #COS #二次元cos #美女COS合集,2024-04-06 ,01:09,363,74,6,19,7354765663363206440
Cosplay作品聚集地,33899,盘点星穹铁道cos合集，你最喜欢哪一位？ #COS #二次元cos #星穹铁道,2023-12-15 ,02:40,163,31,1,19,7312833499076054306
（玩了14年骨架）,227,#新人报道 #王权富贵cos #狐妖小红娘,2026-01-02 ,00:12,37,0,22,6,7590630485815202175
凉宫瘫,1123,"拍到了恋之呼吸·伍之型！ 可恶超难的动作一拍一个不知声是吧！
出镜：@玉米大帝（只回c） 
#cos #鬼灭之刃 #鬼灭之刃无限城篇 #蜜璃 #甘露寺蜜璃",2025-12-30 ,00:28,293,6,17,5,7589588777011735497
Cosplay作品聚集地,33899,盘点美女cos合集，你最喜欢哪一位？ #COS #二次元cos #美女COS合集,2023-07-23 ,02:15,169,33,3,15,7258829404548189455
贤者,3345,#coke #coke老师 #cosplay  #coke漫展 #抖音玩法合伙人计划,2026-01-01 ,00:45,655,26,7,11,7590344179345553841
八百千米龙雀刀,260,"ybg剧组cos接力
感谢各位老师们的支持与参与，也感谢yb和我们度过的每一寸光阴，yb生日快乐！❤️❤️❤️#ybg #ybg私设 #yourboyfriend #yourboyfriendgame #yourboyfriendgame私设",2026-01-03 ,02:22,36,3,3,1,7590829870591256713
旅人.mink(˵¯͒〰¯͒˵),4,第一次全部由自己搞的cos，可能不是很好，我已经尽力了，#cos #致歉一切,2025-12-28 ,02:09,7,0,2,0,7588885355584579513
摸了条娱,154872,"宝石之国coser们都人均超模啊
#宝石之国 #万万没想到 #cos #漫展",2025-12-28 ,00:20,2457,548,12,149,7588907689183775601
二次元提溜,6665,比黑丝更绝的灰丝，杨幂和腐团儿都在穿 #灰丝 #cosplay #碧蓝航线 #杨幂 #腐团儿,2025-12-29 ,00:32,144,135,3,2,7589100942927121716
我就吃一点点,19,"王者荣耀大头合集🥹。。！！！
疯狂饭撒ing！！！
#王者荣耀#大头#cos#饭撒#直拍",2025-12-28 ,00:37,69,3,2,5,7588900867316235667
吃不饱鸭,0,cos圈，也是闯进来了 #拍照#记录#coa#元旦#郑州,2025-12-31 ,01:12,2,0,0,0,7590011684123594030
K利利,1294041,学会了就找亲友这么玩 #cos #夏以昼cos #恋与深空 #漫展 #夏以昼,2026-01-02 ,00:35,36003,1121,212,2418,7590700098209316709
风清扬,675,年轻人的天下，这是不是二次元coser。我有点跟不上时代了😄😄😄,2026-01-01 ,00:47,26,1,9,18,7590304872658902257
壹家cos自拍写真工作室,1042,"出一套cos到底要花多少? 前段时间我们更了一条图文，评论区的老师们的价格参差不齐，于是我们今天来到了方圆live随机采访一位coser来带大家揭秘，出一次cos到底需要花多少！
出境coser：@1mn0tkitten 
#cosplay #路人采访  #二次元 #第五人格 #壹家cos服化道",2025-12-10 ,02:14,1133,45,23,70,7582180191837916456
豆包宴,5085,#家长 #cos #热点 #经典角色扮演 #搞笑,2025-12-29 ,00:34,12,2,5,1,7588795303932228347
旅途中的风景,10361,别说男的爱看，我一女的都看了不下10遍 #COS #美女 #这谁顶得住啊 #二次元 #漫展,2026-01-03 ,00:10,787,97,5,534,7590903714262475647
唐遇,48060,#cosplay #辣妹拍照姿势 #漫展 #夜景街拍,2025-12-30 ,02:26,476,20,20,66,7589437460740885798
彩虹游戏菌,7195,碧蓝航线那些顶级coser #碧蓝航线  #港区冬日心跳升温  #港区冬日快闪  #萤火虫漫展,2026-01-01 ,00:34,92,23,2,19,7590373597470788874
歧路司KIROSHI_V,2235,"人类驯服小田三太夫头盔的绝望影像
#赛博朋克2077 #覆面 #cos #小田三太夫 #ooc致歉",2025-12-29 ,00:32,207,7,30,5,7589280289987607946
（玩了14年骨架）,227,#新人报道 #王权富贵cos #狐妖小红娘,2026-01-02 ,00:12,37,0,22,6,7590630485815202175
凉宫瘫,1123,"拍到了恋之呼吸·伍之型！ 可恶超难的动作一拍一个不知声是吧！
出镜：@玉米大帝（只回c） 
#cos #鬼灭之刃 #鬼灭之刃无限城篇 #蜜璃 #甘露寺蜜璃",2025-12-30 ,00:28,293,6,17,5,7589588777011735497
Cosplay作品聚集地,33899,盘点美女cos合集，你最喜欢哪一位？ #COS #二次元cos #美女COS合集,2023-07-23 ,02:15,169,33,3,15,7258829404548189455
贤者,3345,#coke #coke老师 #cosplay  #coke漫展 #抖音玩法合伙人计划,2026-01-01 ,00:45,655,26,7,11,7590344179345553841
iii,72,"是cp32一米八的红夫人！
#第五人格 #红夫人 #cos #cp32",2025-12-28 ,00:11,156,6,3,1,7588935088010208655
八百千米龙雀刀,260,"ybg剧组cos接力
感谢各位老师们的支持与参与，也感谢yb和我们度过的每一寸光阴，yb生日快乐！❤️❤️❤️#ybg #ybg私设 #yourboyfriend #yourboyfriendgame #yourboyfriendgame私设",2026-01-03 ,02:22,36,3,3,1,7590829870591256713
任演达爱,62,d3现场录的#原神fes #手势舞 #原神 #芙宁娜 #cos变装,2026-01-03 ,00:14,573,31,4,8,7590996249324711529
旅人.mink(˵¯͒〰¯͒˵),4,第一次全部由自己搞的cos，可能不是很好，我已经尽力了，#cos #致歉一切,2025-12-28 ,02:09,7,0,2,0,7588885355584579513
Cosplay作品聚集地,33899,盘点美女cos合集，你最喜欢哪一位？ #COS #二次元cos #美女COS合集,2023-08-25 ,02:08,429,77,9,47,7271093543840615715
摸了条娱,154872,"宝石之国coser们都人均超模啊
#宝石之国 #万万没想到 #cos #漫展",2025-12-28 ,00:20,2457,548,12,149,7588907689183775601
摸了条娱,154872,"宝石之国coser们都人均超模啊
#宝石之国 #万万没想到 #cos #漫展",2025-12-28 ,00:20,2457,548,12,149,7588907689183775601
Cosplay作品聚集地,33899,盘点美女cos合集，你最喜欢哪一位？ #COS #二次元cos #美女COS合集,2023-11-30 ,02:03,195,37,5,8,7307277144768466228
阿骁（帕岛第一纯情),20316,《成男coser之痛》#cos #漫展 #整活 #李白 #李星云,2025-08-13 ,00:48,761,12,34,34,7538054000240741683
ACG摄影师-枫子Fgz（想拍绫波丽版）,987,在CP32随机抓coser采访 #cos #漫展 #cp32漫展 #漫展采访 #国风,2025-12-31 ,01:22,34,5,1,0,7589972579394325806
谢老板不是蟹,17184,出成男就这样暗爽 #谢老板不是蟹 #二次元 #coser #cos #小剧场,2025-12-31 ,00:16,1097,135,15,15,7590008032843648265
枫里,364,"cos总结！这些角色你能认出几个！
碎碎念：四月开始算陆陆续续拍了有40套了吧...
感觉对一个社畜来说已经算是很高强度了啊哈哈
挑挑选选印了三百张 结果摆不开了哈哈 
所以就录了个开头👏🥺
搞二次元太幸福了
明年继续加油！
#cosplay #年度总结 #二次元 #cos总结 #正片",2025-12-30 ,00:29,22,1,4,0,7589480449400521701
南风coser,46456,再高冷的人都会绷不住 #蜡像师 #第五人格 #cos #ooc致歉 #第五人格蜡像师,2026-01-01 ,00:28,3512,132,96,192,7590237890291350626
雪中送梨,154,"2026小马给您拜年啦！
#赛马娘 #赛马娘cos #IJOY #ijoy漫展 
Win-wink舞团",2026-01-01 ,00:44,59,5,32,9,7590356608883806666
乌鸦在深漂,2021,在深圳人才公园偶遇到的超级可爱coser，甜妹感拉满啦！王者荣耀特别活动，最幸福的就是拍到这些美美的素人coser了，热爱让他们寻找属于自己的角色，专注让我们记录下他们塑造的角色，这也是双向奔赴吧！#谁还不是小仙女 #coser的日常 #深圳人才公园 #王者荣耀cos,2026-01-01 ,00:59,25,0,6,3,7590230228259506914
野旷,75,#上热门🔥 #cos #cosplay #盗墓笔记 #张起灵,2026-01-04 ,01:12,3,0,1,0,7591438779513078971
舞形零葵,22492,模特老师听懂又听不懂我在讲什么 女仆ONLY的返图开始发了.这次一定不是我拖延.是大家没有给我图做封面.先来看看我们的妲己老师的绝美COS#王者荣耀 #cosplay,2025-12-31 ,00:34,59,8,3,2,7590051029694303546
Nirvana,102,#武汉cgf动漫游戏展#原神#cos#砂糖,2026-01-02 ,00:18,155,16,12,10,7590622015179577204
Cosplay作品聚集地,33899,盘点美女cos合集，你最喜欢哪一位？ #COS #二次元cos #美女COS合集,2023-11-17 ,02:21,173,36,2,9,7302450926466501923
蟹黄包.,17,啊啊啊理想照进现实的感觉#爱来自深空 #深空颂歌 #杭州CP32到底有谁在 #漫展 #cos,2025-12-28 ,00:15,214,14,3,12,7588866272663449339
川而西之,397,跨年cos接力！#cos #二次元 #整活,2025-12-31 ,00:09,37,1,2,0,7589808770860695717
煊,972,我玩得烂的时候都没你玩得这么菜#崇皇时王 #假面骑士善意 #漫展 #cos,2026-01-04 ,00:09,16,2,3,1,7591498334079734218
靖灵LL(沉迷57版）,8782,一人版本花亦山cos接力，大概就是一直在进步吧！#花亦山心之月 #cos接力 #一人分饰多角 #南塘王,2025-12-31 ,00:22,1677,57,36,31,7589978470894144805
小y（深渊牢王）,3653,#cos #原神 #生活日常 #搞笑 #抽象,2026-01-03 ,02:06,19,1,3,0,7591065699985001766
MoMo （还我流量）,56778,"黑贞换装ing
#cos #黑贞德 #二次元 #fgo #接力摇舞蹈挑战",2025-12-30 ,00:33,795,157,22,3,7589602112427932014
